{
  "copy": {
    "task": "copy",
    "seq_len": 50,
    "seeds": [
      42,
      123,
      456,
      789,
      1337
    ],
    "hidden_size": 128,
    "num_epochs": 30,
    "metric": "acc",
    "results": {
      "MoGRU": {
        "mean": 0.34974999999999995,
        "std": 0.010383364098402775,
        "values": [
          0.34681,
          0.35339,
          0.35778,
          0.35777,
          0.333
        ],
        "params": 136337
      },
      "GRU": {
        "mean": 0.220832,
        "std": 0.08963145496978167,
        "values": [
          0.24939,
          0.24423,
          0.2821,
          0.06271,
          0.26573
        ],
        "params": 103569
      },
      "LSTM": {
        "mean": 0.063388,
        "std": 0.000928719548625957,
        "values": [
          0.06283,
          0.06475,
          0.06237,
          0.06316,
          0.06383
        ],
        "params": 136593
      },
      "MomGRU": {
        "mean": 0.24337400000000003,
        "std": 0.01217741475026618,
        "values": [
          0.25818,
          0.23889,
          0.22607,
          0.25074,
          0.24299
        ],
        "params": 103185
      }
    },
    "stat_tests": {
      "MoGRU_vs_GRU": {
        "t_stat": 3.0547733620620035,
        "p_value": 0.037851215897716825,
        "significant_005": true
      },
      "MoGRU_vs_LSTM": {
        "t_stat": 59.95063485859535,
        "p_value": 4.636293910656274e-07,
        "significant_005": true
      },
      "MoGRU_vs_MomGRU": {
        "t_stat": 13.240203837250318,
        "p_value": 0.00018803319941625645,
        "significant_005": true
      }
    }
  },
  "adding": {
    "task": "adding",
    "seq_len": 100,
    "seeds": [
      42,
      123,
      456,
      789,
      1337
    ],
    "hidden_size": 128,
    "num_epochs": 30,
    "metric": "mse",
    "results": {
      "MoGRU": {
        "mean": 0.0028162,
        "std": 0.0011830222736702804,
        "values": [
          0.002408,
          0.003326,
          0.001117,
          0.002905,
          0.004325
        ],
        "params": 67457
      },
      "GRU": {
        "mean": 0.00043100000000000007,
        "std": 0.0003090582469373694,
        "values": [
          0.000378,
          0.000116,
          0.000218,
          0.000903,
          0.00054
        ],
        "params": 50817
      },
      "LSTM": {
        "mean": 0.0029564,
        "std": 0.002466811970945496,
        "values": [
          0.001172,
          0.000718,
          0.006956,
          0.003241,
          0.002695
        ],
        "params": 67713
      },
      "MomGRU": {
        "mean": 0.0027284,
        "std": 0.0013277096068041385,
        "values": [
          0.002216,
          0.001616,
          0.00186,
          0.003056,
          0.004894
        ],
        "params": 50433
      }
    },
    "stat_tests": {
      "MoGRU_vs_GRU": {
        "t_stat": 4.713459008338897,
        "p_value": 0.009216060449484538,
        "significant_005": true
      },
      "MoGRU_vs_LSTM": {
        "t_stat": -0.09336837370477413,
        "p_value": 0.9301006095346463,
        "significant_005": false
      },
      "MoGRU_vs_MomGRU": {
        "t_stat": 0.20087192639209372,
        "p_value": 0.8505992050226872,
        "significant_005": false
      }
    }
  },
  "trend": {
    "task": "trend",
    "seq_len": 80,
    "seeds": [
      42,
      123,
      456,
      789,
      1337
    ],
    "hidden_size": 128,
    "num_epochs": 30,
    "metric": "mse",
    "results": {
      "MoGRU": {
        "mean": 0.774767,
        "std": 0.04137704146625276,
        "values": [
          0.727327,
          0.748757,
          0.835058,
          0.791336,
          0.771357
        ],
        "params": 66945
      },
      "GRU": {
        "mean": 0.7915712,
        "std": 0.030559428261994693,
        "values": [
          0.807798,
          0.831321,
          0.765883,
          0.75676,
          0.796094
        ],
        "params": 50433
      },
      "LSTM": {
        "mean": 0.8330308000000001,
        "std": 0.03071261745927886,
        "values": [
          0.83724,
          0.867387,
          0.849397,
          0.825545,
          0.785585
        ],
        "params": 67201
      },
      "MomGRU": {
        "mean": 0.7774968,
        "std": 0.016535601310505774,
        "values": [
          0.767568,
          0.804937,
          0.765786,
          0.767956,
          0.781237
        ],
        "params": 50049
      }
    },
    "stat_tests": {
      "MoGRU_vs_GRU": {
        "t_stat": -0.5529209794824942,
        "p_value": 0.6097625528701129,
        "significant_005": false
      },
      "MoGRU_vs_LSTM": {
        "t_stat": -2.5120602307129123,
        "p_value": 0.06591232719972012,
        "significant_005": false
      },
      "MoGRU_vs_MomGRU": {
        "t_stat": -0.12098960094612643,
        "p_value": 0.9095334751050848,
        "significant_005": false
      }
    }
  },
  "selective_copy": {
    "task": "selective_copy",
    "seq_len": 50,
    "seeds": [
      42,
      123,
      456,
      789,
      1337
    ],
    "hidden_size": 128,
    "num_epochs": 30,
    "metric": "acc",
    "results": {
      "MoGRU": {
        "mean": 0.9998799999999999,
        "std": 0.0002683281572999949,
        "values": [
          0.9994,
          1.0,
          1.0,
          1.0,
          1.0
        ],
        "params": 136465
      },
      "GRU": {
        "mean": 0.9999800000000001,
        "std": 4.472135954999087e-05,
        "values": [
          1.0,
          1.0,
          1.0,
          1.0,
          0.9999
        ],
        "params": 103697
      },
      "LSTM": {
        "mean": 0.9998400000000001,
        "std": 0.0001949358868961578,
        "values": [
          0.9999,
          1.0,
          0.9999,
          0.9995,
          0.9999
        ],
        "params": 136721
      },
      "MomGRU": {
        "mean": 0.41472,
        "std": 0.06183370440140232,
        "values": [
          0.4912,
          0.4372,
          0.397,
          0.4257,
          0.3225
        ],
        "params": 103313
      }
    },
    "stat_tests": {
      "MoGRU_vs_GRU": {
        "t_stat": -0.7905694150421332,
        "p_value": 0.47342736525711765,
        "significant_005": false
      },
      "MoGRU_vs_LSTM": {
        "t_stat": 0.24999999999983194,
        "p_value": 0.8149020114593024,
        "significant_005": false
      },
      "MoGRU_vs_MomGRU": {
        "t_stat": 21.097505654696604,
        "p_value": 2.983663873531556e-05,
        "significant_005": true
      }
    }
  }
}